1,强硬的
2,强悍的
3,强劲的
4,坚决的
5,坚信的
6,坚定的
7,坚韧的
8,坚实的
9,坚贞的
10,勇敢的
11,勇猛的
12,刚毅的
13,决断的
14,果敢的
15,果决的
16,坚强的
17,坚忍的
18,决然的
19,毅然的
20,断然的
21,泼辣的
22,断腕的
23,发誓的
24,干脆的
25,爽快的
26,果断的
27,真诚的
28,热诚的
29,至诚的
30,赤诚的
31,诚挚的
32,恳切的
33,纯真的
34,率直的
35,坦率的
36,笃实的
37,热忱的
38,热心的
39,好客的
40,客气的
41,殷勤的
42,和气的
43,和蔼的
44,和善的
45,亲切的
46,过谦的
47,谦卑的
48,谦恭的
49,谦和的
50,谦让的
51,谦虚的
52,谦逊的
53,虚心的
54,外向的
55,开朗的
56,大方的
57,主动的
58,俏皮的
59,敏捷的
60,乐观的
61,调皮的
62,爽脆的
63,爽朗的
64,豪爽的
65,正直的
66,直率的
67,直爽的
68,直言的
69,爽直的
70,刚直的
71,憨直的
72,耿直的
73,公正的
74,公道的
75,公平的
76,公允的
77,正派的
78,开阔的
79,豁达的
80,明朗的
81,率真的
82,怒吼的
83,恐惧的
84,胆怯的
85,畏缩的
86,发慌的
87,心慌的
88,恐慌的
89,激怒的
90,恼火的
91,欢乐的
92,快慰的
93,开心的
94,高兴的
95,愉悦的
96,微笑的
97,舒畅的
98,笑噱的
99,欢闹的
100,欢心的
101,欢欣的
102,欢悦的
103,宽慰的
104,欢舒的
105,狂欢的
106,震怒的
107,气愤的
108,担忧的
109,发愁的
110,犯愁的
111,忧伤的
112,忧愁的
113,忧心的
114,愁闷的
115,悲痛的
116,悲惨的
117,悲凉的
118,哀伤的
119,哀怨的
120,伤感的
121,瘦削的
122,憔悴的
123,快乐的
124,喜悦的
125,愉快的
126,畅快的
127,欢畅的
128,欢喜的
129,欢腾的
130,欢快的
131,欣喜的
132,今天的
133,昨天的
134,明天的
135,后天的
136,上午的
137,下午的
138,过去的
139,未来的
140,去年的
141,前年的
142,散步的
143,漫步的
144,踏步的
145,信步的
146,转悠的
147,闲逛的
148,徜徉的
149,踉跄的
150,蹒跚的
151,小跑的
152,慢跑的
153,飞跑的
154,飞奔的
155,飞翔的
156,啜泣的
157,抽泣的
158,呜咽的
159,哀号的
160,号哭的
161,痛哭的
162,大笑的
163,欢笑的
164,嬉笑的
165,狂笑的
166,嗤笑的
167,憨笑的
168,傻笑的
169,哄笑的
170,苦笑的
171,阴笑的
172,狞笑的
173,奸笑的
174,嘲笑的
175,冷笑的
176,哈腰的
177,猫腰的
178,挺身的
179,挺胸的
180,俯身的
181,躬身的
182,仰卧的
183,蜷曲的
184,倒立的
185,转体的
186,屈体的
187,屈身的
188,欠身的
189,纵身的
190,蹲身的
191,鞠躬的
192,曲背的
193,匍匐的
194,笔挺的
195,腾跃的
196,直立的
197,翻腾的
198,前倾的
199,摇摆的
200,翻跃的
201,扭动的
202,扭转的
203,旋转的
204,好吃的
205,好看的
206,好玩的
207,清白的
208,凛然的
209,无私的
210,刚正的
211,负重的
212,忠心的
213,忠贞的
214,谨慎的
215,廉洁的
216,大度的
217,坦白的
218,勤奋的
219,刻苦的
220,认真的
221,专注的
222,踏实的
223,勤恳的
224,好学的
225,高尚的
226,杰出的
227,超伦的
228,自爱的
229,自尊的
230,自强的
231,宽容的
232,宽宏的
233,律己的
234,朴素的
235,憨厚的
236,诚实的
237,忠诚的
238,诚恳的
239,天真的
240,幼稚的
241,活泼的
242,聪明的
243,圆滑的
244,狡猾的
245,虚伪的
246,自私的
247,任性的
248,骄傲的
249,贪婪的
250,愚蠢的
251,奸诈的
252,高傲的
253,害羞的
254,内向的
255,孤僻的
256,可爱的
257,招烦的
258,阴险的
259,双重的
260,刻薄的
261,宽厚的
262,仁慈的
263,仁厚的
264,尖酸的
265,阴郁的
266,肤浅的
267,浅薄的
268,胆小的
269,乐天的
270,达观的
271,成熟的
272,稳重的
273,淘气的
274,温柔的
275,体贴的
276,苹果味
277,香蕉味
278,橘子味
279,桃子味
280,荔枝味
281,龙眼味
282,桔子味
283,李子味
284,葡萄味
285,青梅味
286,椰子味
287,石榴味
288,草莓味
289,栗子味
290,梨子味
291,樱桃味
292,苹果味
293,木瓜味
294,芒果味
295,菠萝味
296,柠檬味
297,柿子味
298,柚子味
299,西瓜味
300,南瓜味
301,甘蔗味
302,小麦味
303,罂粟味
304,白菜味
305,黄瓜味
306,豌豆味
307,苦瓜味
308,菠菜味
309,冬瓜味
310,茄子味
311,竹笋味
312,蚕豆味
313,萝卜味
314,辣椒味
315,鸡肉味
316,牛肉味
317,烤肉味
318,重口味
319,番茄味
320,芝士味
321,榴莲味
322,山楂味
323,水果味
324,陈皮味
325,花椒味
326,莲雾味
327,杨梅味
328,泥土味
329,枇杷味
330,杨桃味
331,板栗味
332,瓜子味
333,桑葚味
334,佛手味
335,香瓜味
