1,老
2,小
3,大
4,幼年
5,少年
6,中年
7,老年
8,萌
9,乖
10,傻
11,呆
12,懒
13,神族
14,妖怪
15,亡灵
16,魔族
17,血族
18,杀手
19,地狱
20,山洞
21,矿洞
22,远古
23,太古
24,上古
25,化石
26,新生
27,重生
28,不败
29,混沌
30,极品
31,奥术
32,魔法
33,深渊
34,异世
35,异界
36,变异
37,颜控
38,心流
39,御宅
40,圣光
41,荣耀
42,兄控
43,姐控
44,可爱
45,娇蛮
46,功勋
47,上进
48,光明
49,死宅
50,肥宅
51,帝都
52,魔都
53,妖都
54,旧都
55,伪都
56,古都
57,神都
58,腐都
59,邪都
60,陪都
61,雾都
62,萌豚
63,声豚
64,军宅
65,天朝
66,高丽
67,11区
68,岛国
69,米帝
70,米国
71,白学
72,哲学
73,废萌
74,崩坏
75,绅士
76,奇行种
77,搞笑
78,中二
79,厨二
80,漫画
81,傲娇
82,平原
83,高原
84,丘陵
85,盆地
86,山地
87,极地
88,水星
89,火星
90,金星
91,木星
92,地球
93,土星
94,月球
95,非洲
96,欧洲
97,热带
98,寒带
99,温带
100,天才
101,毒舌
102,家养
103,野生
104,火山
105,冰原
106,冰川
107,小学
108,中学
109,大学
110,博士
111,脑洞
112,蠢萌
113,呆萌
114,老牌
115,大触
116,纯种
117,纯粹
126,京都
128,费城
129,乡下
130,城市
131,魔术
132,闪电
133,机械
134,木头
135,石头
136,黑铁
137,青铜
138,钻石
139,铂金
140,黄金
141,白银
142,王者
143,幽灵
144,鬼魂
145,高手
146,全职
147,巨型
148,酒桶
149,扭曲
150,寒冰
151,黑暗
152,海洋
153,审判
154,风暴
155,炼金
156,白羊
157,金牛
158,双子
159,巨蟹
160,狮子座
161,处女座
162,天秤
163,天蝎
164,人马
165,摩羯
166,水瓶
167,双鱼
168,荒漠
169,暮光
170,晨光
171,晨星
172,晨曦
173,光辉
174,赏金
175,暗夜
176,冰晶
177,虚空
178,英勇
179,流浪
180,迅捷
181,钢铁
182,时光
183,野兽
184,熔岩
185,永恒
186,天启
187,潮汐
188,山岭
189,隐形
190,鱼人
191,末日
192,不朽
193,地穴
194,冥界
195,天界
196,神界
197,外星
198,次元
199,科幻
200,未来